"","PlantKey","Plant","PlantType","PlantName","PlantCity","PlantPostalCode","PlantStreet"
"1",1,"ANT1","Production","Antwerp Production","Antwerp","2030","Scheldelaan"
"2",2,"WRO1","Production","Wrocław Production","Wrocław","54-202","Legnicka"
"3",3,"LYO1","Production","Lyon Production","Lyon","69160","Av. Mathieu Misery"
"4",4,"ANT2","Distribution Center","Antwerp DC","Antwerp","2030","Scheldelaan"
"5",5,"WRO2","Distribution Center","Wrocław DC","Wrocław","54-202","Legnicka"
"6",6,"LYO2","Distribution Center","Lyon DC","Lyon","69160","Av. Mathieu Misery"
"7",7,"BIR2","Distribution Center","Birmingham DC","Birmingham","B14 7PQ","Howard Rd"
"8",8,"GOT2","Distribution Center","Göteborg DC","Göteborg","418 78","Assar Gabrielssons väg"
